<?xml version="1.0" encoding="UTF-8"?><metadata>
    <idinfo>
        <citation>
            <citeinfo>
                <title>California_Counties</title>
                <geoform>vector digital data</geoform>
            </citeinfo>
        </citation>
        <descript>
            <abstract>Counties in California intended for the NEVI Map.Data downloaded in May 2021 from https://www.census.gov/geographies/mapping-files/time-series/geo/tiger-line-file.2021.html#list-tab-VGDZBC72KXZ7CWIQNY. </abstract>
            <purpose>Data is from the United States Census Bureau (TIGER/Line Shapefiles).
</purpose>
        </descript>
        <keywords>
            <theme>
                <themekt>None</themekt>
                <themekey>NEVI</themekey>
                <themekey>CAOpenData</themekey>
                <themekey>California Energy Commission</themekey>
                <themekey>California Natural Resources Agency</themekey>
                <themekey>FTD</themekey>
            </theme>
        </keywords>
        <accconst>None</accconst>
        <useconst>https://www.energy.ca.gov/conditions-of-use</useconst>
        <datacred/>
        <native>Esri ArcGIS 13.0.3.36057</native>
    </idinfo>
    <spdoinfo>
        <direct>Vector</direct>
        <ptvctinf>
            <sdtsterm>
                <sdtstype>GT-polygon composed of chains</sdtstype>
                <ptvctcnt>0</ptvctcnt>
            </sdtsterm>
        </ptvctinf>
    </spdoinfo>
    <eainfo>
        <detailed>
            <enttyp>
                <enttypl>California_Counties</enttypl>
            </enttyp>
            <attr>
                <attrlabl>OBJECTID</attrlabl>
                <attrdef>Internal feature number.</attrdef>
                <attrdefs>Esri</attrdefs>
                <attrdomv>
                                        
                    <udom>Sequential unique whole numbers that are automatically generated.</udom>
                                    
                </attrdomv>
            </attr>
            <attr>
                <attrlabl>Shape</attrlabl>
                <attrdef>Feature geometry.</attrdef>
                <attrdefs>Esri</attrdefs>
                <attrdomv>
                                        
                    <udom>Coordinates defining the features.</udom>
                                    
                </attrdomv>
            </attr>
            <attr>
                <attrlabl>NAME</attrlabl>
            </attr>
            <attr>
                <attrlabl>STATE_NAME</attrlabl>
            </attr>
            <attr>
                <attrlabl>STATE_FIPS</attrlabl>
            </attr>
            <attr>
                <attrlabl>CNTY_FIPS</attrlabl>
            </attr>
            <attr>
                <attrlabl>FIPS</attrlabl>
            </attr>
            <attr>
                <attrlabl>Shape_Area</attrlabl>
                <attrdef>Area of feature in internal units squared.</attrdef>
                <attrdefs>Esri</attrdefs>
                <attrdomv>
                                        
                    <udom>Positive real numbers that are automatically generated.</udom>
                                    
                </attrdomv>
            </attr>
            <attr>
                <attrlabl>Shape_Length</attrlabl>
                <attrdef>Length of feature in internal units.</attrdef>
                <attrdefs>Esri</attrdefs>
                <attrdomv>
                                        
                    <udom>Positive real numbers that are automatically generated.</udom>
                                    
                </attrdomv>
            </attr>
        </detailed>
    </eainfo>
    <metainfo>
        <metd>20230214</metd>
        <metstdn>FGDC Content Standard for Digital Geospatial Metadata</metstdn>
        <metstdv>FGDC-STD-001-1998</metstdv>
        <mettc>local time</mettc>
    </metainfo>
</metadata>
